tipo_carne,ano,trimestre,producao_cabecas_anual_mi,abate_cabecas,peso_carcaca_ton,exportacao_usd,media_cambio_usdbrl,custo_milho_rs,custo_soja_rs,preco_medio_ton_usd,date,time_index,quarter_sin,quarter_cos,halfyear_sin,halfyear_cos,exportacao_usd_lag1,exportacao_usd_lag2,exportacao_usd_lag3,exportacao_usd_lag4,exportacao_usd_rolling_mean_4,exportacao_usd_ewm_4,exportacao_usd_diff_1,exportacao_usd_pct_change_a,preco_medio_ton_usd_lag1,preco_medio_ton_usd_lag2,preco_medio_ton_usd_lag3,preco_medio_ton_usd_lag4,preco_medio_ton_usd_rolling_mean_4,preco_medio_ton_usd_ewm_4,preco_medio_ton_usd_diff_1,preco_medio_ton_usd_pct_change_a
bovino,2015,1,215.2,7.737,1.836,0.993,2.87,22.95,60.01,4.279,2015-01-01,4,0.0,1.0,0.0,1.0,1.519,1.547,1.384,1.345,1.44875,1.468696,-0.5259999999999999,-0.2617100371747212,4.858,4.874,4.729,4.403,4.715999999999999,4.744984,-0.5789999999999997,-0.0281626163979104
bovino,2015,2,215.2,7.626,1.844,1.094,3.07,20.92,57.96,4.23,2015-04-01,5,1.0,6.123233995736766e-17,1.2246467991473532e-16,-1.0,0.993,1.519,1.547,1.384,1.36075,1.2784176,0.10100000000000009,-0.2095375722543351,4.279,4.858,4.874,4.729,4.6850000000000005,4.5585904,-0.04899999999999949,-0.10551913723831674
bovino,2015,3,215.2,7.578,1.877,1.258,3.59,23.8,69.05,4.558,2015-07-01,6,1.2246467991473532e-16,-1.0,-2.4492935982947064e-16,1.0,1.094,0.993,1.519,1.547,1.28825,1.2046505600000001,0.16399999999999992,-0.18681318681318682,4.23,4.279,4.858,4.874,4.56025,4.42715424,0.3279999999999994,-0.06483381206401306
bovino,2015,4,215.2,7.693,1.929,1.319,3.83,27.76,70.2,4.222,2015-10-01,7,-1.0,-1.8369701987210297e-16,3.6739403974420594e-16,-1.0,1.258,1.094,0.993,1.519,1.216,1.2259903360000002,0.06099999999999994,-0.13166556945358787,4.558,4.23,4.279,4.858,4.48125,4.479492543999999,-0.3359999999999994,-0.13091807328118554
bovino,2016,1,218.23,7.303,1.797,1.094,3.82,36.46,65.52,4.23,2016-01-01,8,0.0,1.0,0.0,1.0,1.319,1.258,1.094,0.993,1.166,1.2631942016000002,-0.22499999999999987,0.10171198388721048,4.222,4.558,4.23,4.279,4.32225,4.376495526399999,0.008000000000000007,-0.011451273662070438
bovino,2016,2,218.23,7.629,1.872,1.117,3.46,44.43,80.69,3.911,2016-04-01,9,1.0,6.123233995736766e-17,1.2246467991473532e-16,-1.0,1.094,1.319,1.258,1.094,1.19125,1.19551652096,0.02299999999999991,0.021023765996343702,4.23,4.222,4.558,4.23,4.3100000000000005,4.31789731584,-0.3190000000000004,-0.0754137115839244
bovino,2016,3,218.23,7.321,1.829,1.065,3.23,39.51,70.56,4.133,2016-07-01,10,1.2246467991473532e-16,-1.0,-2.4492935982947064e-16,1.0,1.117,1.094,1.319,1.258,1.197,1.164109912576,-0.052000000000000046,-0.15341812400635935,3.911,4.23,4.222,4.558,4.23025,4.155138389504,0.22199999999999998,-0.09324265028521272
bovino,2016,4,218.23,7.409,1.85,1.059,3.32,33.69,69.94,4.299,2016-10-01,11,-1.0,-1.8369701987210297e-16,3.6739403974420594e-16,-1.0,1.065,1.117,1.094,1.319,1.14875,1.1244659475456,-0.006000000000000005,-0.19711902956785443,4.133,3.911,4.23,4.222,4.1240000000000006,4.1462830337023995,0.16600000000000037,0.01823780198957836
bovino,2017,1,214.9,7.393,1.795,1.079,3.14,26.22,61.42,4.088,2017-01-01,12,0.0,1.0,0.0,1.0,1.059,1.065,1.117,1.094,1.08375,1.09827956852736,0.020000000000000018,-0.013711151736745975,4.299,4.133,3.911,4.23,4.14325,4.20736982022144,-0.2110000000000003,-0.033569739952718725
bovino,2017,2,214.9,7.417,1.83,1.094,3.21,21.37,58.3,4.208,2017-04-01,13,1.0,6.123233995736766e-17,1.2246467991473532e-16,-1.0,1.079,1.059,1.065,1.117,1.0799999999999998,1.0905677411164159,0.015000000000000124,-0.020590868397493245,4.088,4.299,4.133,3.911,4.107749999999999,4.159621892132864,0.1200000000000001,0.07593965737663
bovino,2017,3,214.9,7.986,2.019,1.436,3.07,21.77,58.9,4.227,2017-07-01,14,1.2246467991473532e-16,-1.0,-2.4492935982947064e-16,1.0,1.094,1.079,1.059,1.065,1.07425,1.0919406446698496,0.34199999999999986,0.34835680751173714,4.208,4.088,4.299,4.133,4.182,4.178973135279719,0.019000000000000128,0.022743769658843505
bovino,2017,4,214.9,8.021,2.024,1.46,3.24,25.24,63.35,4.261,2017-10-01,15,-1.0,-1.8369701987210297e-16,3.6739403974420594e-16,-1.0,1.436,1.094,1.079,1.059,1.167,1.22956438680191,0.02400000000000002,0.3786591123701606,4.227,4.208,4.088,4.299,4.205500000000001,4.198183881167832,0.03399999999999981,-0.008839264945336156
bovino,2018,1,213.5,7.734,1.882,1.3,3.24,29.28,67.28,3.757,2018-01-01,16,0.0,1.0,0.0,1.0,1.46,1.436,1.094,1.079,1.26725,1.321738632081146,-0.15999999999999992,0.20481927710843384,4.261,4.227,4.208,4.088,4.196000000000001,4.223310328700699,-0.504,-0.0809686888454012
bovino,2018,2,213.5,7.719,1.896,0.888,3.6,33.39,72.06,4.129,2018-04-01,17,1.0,6.123233995736766e-17,1.2246467991473532e-16,-1.0,1.3,1.46,1.436,1.094,1.3225,1.3130431792486874,-0.41200000000000003,-0.18829981718464361,3.757,4.261,4.227,4.208,4.11325,4.03678619722042,0.37199999999999944,-0.01877376425855526
bovino,2018,3,213.5,8.28,2.106,1.735,3.95,34.71,79.52,4.072,2018-07-01,18,1.2246467991473532e-16,-1.0,-2.4492935982947064e-16,1.0,0.888,1.3,1.46,1.436,1.271,1.1430259075492124,0.8470000000000001,0.20821727019498626,4.129,3.757,4.261,4.227,4.093500000000001,4.0736717183322515,-0.056999999999999496,-0.03666903241069319
bovino,2018,4,213.5,8.141,2.063,1.534,3.84,31.06,72.15,3.902,2018-10-01,19,-1.0,-1.8369701987210297e-16,3.6739403974420594e-16,-1.0,1.735,0.888,1.3,1.46,1.34575,1.3798155445295275,-0.20100000000000007,0.050684931506849384,4.072,4.129,3.757,4.261,4.05475,4.073003030999351,-0.16999999999999993,-0.08425252288195262
bovino,2019,1,214.7,7.923,1.949,1.257,3.76,32.12,69.12,3.739,2019-01-01,20,0.0,1.0,0.0,1.0,1.534,1.735,0.888,1.3,1.36425,1.4414893267177165,-0.27700000000000014,-0.033076923076923226,3.902,4.072,4.129,3.757,3.9650000000000003,4.00460181859961,-0.16300000000000026,-0.004791056694170903
bovino,2019,2,214.7,8.036,2.001,1.336,3.92,30.42,70.14,3.84,2019-04-01,21,1.0,6.123233995736766e-17,1.2246467991473532e-16,-1.0,1.257,1.534,1.735,0.888,1.3535,1.3676935960306298,0.07900000000000018,0.5045045045045047,3.739,3.902,4.072,4.129,3.9604999999999997,3.8983610911597664,0.10099999999999998,-0.06999273431823683
bovino,2019,3,214.7,8.498,2.197,1.678,3.96,30.87,75.77,4.127,2019-07-01,22,1.2246467991473532e-16,-1.0,-2.4492935982947064e-16,1.0,1.336,1.257,1.534,1.735,1.4655,1.355016157618378,0.34199999999999986,-0.032853025936599556,3.84,3.739,3.902,4.072,3.88825,3.8750166546958598,0.2869999999999999,0.013506876227897813
bovino,2019,4,214.7,8.071,2.091,2.258,4.11,37.34,78.68,4.756,2019-10-01,23,-1.0,-1.8369701987210297e-16,3.6739403974420594e-16,-1.0,1.678,1.336,1.257,1.534,1.45125,1.4842096945710268,0.5800000000000001,0.47196870925684475,4.127,3.84,3.739,3.902,3.902,3.975809992817516,0.6290000000000004,0.21886212198872368
bovino,2020,1,218.2,7.254,1.837,1.623,4.46,44.54,81.87,4.591,2020-01-01,24,0.0,1.0,0.0,1.0,2.258,1.678,1.336,1.257,1.63225,1.793725816742616,-0.635,0.29116945107398573,4.756,4.127,3.84,3.739,4.1155,4.28788599569051,-0.16500000000000004,0.22786841401444247
bovino,2020,2,218.2,7.3,1.879,1.846,5.38,41.33,95.82,4.356,2020-04-01,25,1.0,6.123233995736766e-17,1.2246467991473532e-16,-1.0,1.623,2.258,1.678,1.336,1.7237500000000001,1.7254354900455695,0.2230000000000001,0.3817365269461077,4.591,4.756,4.127,3.84,4.3285,4.409131597414306,-0.23500000000000032,0.1343749999999999
bovino,2020,3,218.2,7.733,2.062,1.928,5.37,51.58,128.3,4.06,2020-07-01,26,1.2246467991473532e-16,-1.0,-2.4492935982947064e-16,1.0,1.846,1.623,2.258,1.678,1.85125,1.7736612940273417,0.08199999999999985,0.14898688915375446,4.356,4.591,4.756,4.127,4.4575,4.387878958448583,-0.29600000000000026,-0.016234552944027203
bovino,2020,4,218.2,7.308,1.97,2.071,3.39,69.2,140.93,4.379,2020-10-01,27,-1.0,-1.8369701987210297e-16,3.6739403974420594e-16,-1.0,1.928,1.846,1.623,2.258,1.91375,1.8353967764164052,0.14300000000000024,-0.08281665190434007,4.06,4.356,4.591,4.756,4.4407499999999995,4.25672737506915,0.31899999999999995,-0.07926829268292701
bovino,2021,1,224.6,6.587,1.728,1.564,5.48,76.67,158.79,4.558,2021-01-01,28,0.0,1.0,0.0,1.0,2.071,1.928,1.846,1.623,1.867,1.929638065849843,-0.5070000000000001,-0.036352433764633374,4.379,4.06,4.356,4.591,4.3465,4.30563642504149,0.17900000000000027,-0.0071879764757134534
bovino,2021,2,224.6,7.075,1.871,1.95,5.29,82.35,152.11,4.968,2021-04-01,29,1.0,6.123233995736766e-17,1.2246467991473532e-16,-1.0,1.564,2.071,1.928,1.846,1.85225,1.783382839509906,0.3859999999999999,0.05633802816901401,4.558,4.379,4.06,4.356,4.3382499999999995,4.406581855024894,0.41000000000000014,0.14049586776859502
bovino,2021,3,224.6,6.964,1.894,3.014,5.22,85.34,159.3,5.644,2021-07-01,30,1.2246467991473532e-16,-1.0,-2.4492935982947064e-16,1.0,1.95,1.564,2.071,1.928,1.87825,1.8500297037059437,1.0639999999999998,0.5632780082987552,4.968,4.558,4.379,4.06,4.49125,4.631149113014937,0.6760000000000002,0.3901477832512317
bovino,2021,4,224.6,6.898,1.906,1.437,5.58,79.5,158.54,4.951,2021-10-01,31,-1.0,-1.8369701987210297e-16,3.6739403974420594e-16,-1.0,3.014,1.95,1.564,2.071,2.14975,2.315617822223566,-1.5769999999999997,-0.30613230323515217,5.644,4.968,4.558,4.379,4.88725,5.036289467808961,-0.6930000000000005,0.13062343000685095
bovino,2022,1,234.4,6.983,1.841,2.616,5.22,89.65,191.99,5.579,2022-01-01,32,0.0,1.0,0.0,1.0,1.437,3.014,1.95,1.564,1.99125,1.9641706933341396,1.179,0.6726342710997442,4.951,5.644,4.968,4.558,5.03025,5.0021736806853765,0.6280000000000001,0.22400175515577003
bovino,2022,2,234.4,7.379,1.945,3.003,4.92,79.74,177.16,6.492,2022-04-01,33,1.0,6.123233995736766e-17,1.2246467991473532e-16,-1.0,2.616,1.437,3.014,1.95,2.25425,2.224902416000484,0.387,0.54,5.579,4.951,5.644,4.968,5.2855,5.232904208411226,0.9130000000000003,0.3067632850241546
bovino,2022,3,234.4,7.921,2.153,3.558,5.24,78.13,169.26,6.207,2022-07-01,34,1.2246467991473532e-16,-1.0,-2.4492935982947064e-16,1.0,3.003,2.616,1.437,3.014,2.5175,2.53614144960029,0.5549999999999997,0.18049104180491038,6.492,5.579,4.951,5.644,5.6665,5.736542525046735,-0.28500000000000014,0.09975194897235995
bovino,2022,4,234.4,7.494,2.028,2.636,5.25,77.31,167.87,5.379,2022-10-01,35,-1.0,-1.8369701987210297e-16,3.6739403974420594e-16,-1.0,3.558,3.003,2.616,1.437,2.6535,2.944884869760174,-0.9219999999999997,0.8343771746694502,6.207,6.492,5.579,4.951,5.80725,5.924725515028041,-0.8280000000000003,0.08644718238739646
bovino,2023,1,238.6,7.372,1.911,1.988,5.19,74.78,151.79,4.837,2023-01-01,36,0.0,1.0,0.0,1.0,2.636,3.558,3.003,2.616,2.95325,2.8213309218561045,-0.6480000000000001,-0.24006116207951078,5.379,6.207,6.492,5.579,5.91425,5.7064353090168245,-0.5419999999999998,-0.13299874529485567
bovino,2023,2,238.6,8.363,2.17,2.358,4.94,48.95,119.32,5.003,2023-04-01,37,1.0,6.123233995736766e-17,1.2246467991473532e-16,-1.0,1.988,2.636,3.558,3.003,2.7962499999999997,2.4879985531136626,0.3700000000000001,-0.21478521478521473,4.837,5.379,6.207,6.492,5.72875,5.358661185410094,0.16600000000000037,-0.2293592113370302
bovino,2023,3,238.6,8.988,2.394,2.482,4.88,47.73,130.97,4.588,2023-07-01,38,1.2246467991473532e-16,-1.0,-2.4492935982947064e-16,1.0,2.358,1.988,2.636,3.558,2.635,2.4359991318681975,0.12400000000000011,-0.3024170882518268,5.003,4.837,5.379,6.207,5.3565,5.216396711246057,-0.41500000000000004,-0.2608345416465281
bovino,2023,4,238.6,9.153,2.431,2.666,4.95,56.46,130.41,4.577,2023-10-01,39,-1.0,-1.8369701987210297e-16,3.6739403974420594e-16,-1.0,2.482,2.358,1.988,2.636,2.366,2.4543994791209185,0.18399999999999972,0.011380880121395931,4.588,5.003,4.837,5.379,4.95175,4.965038026747634,-0.01100000000000012,-0.14909834541736378
bovino,2024,1,238.2,9.337,2.405,2.383,4.95,52.25,106.56,4.526,2024-01-01,40,0.0,1.0,0.0,1.0,2.666,2.482,2.358,1.988,2.3735,2.539039687472551,-0.2829999999999999,0.19869215291750497,4.577,4.588,5.003,4.837,4.75125,4.80982281604858,-0.051000000000000156,-0.06429605127144922
bovino,2024,2,238.2,9.959,2.577,2.756,5.21,52.54,121.39,4.501,2024-04-01,41,1.0,6.123233995736766e-17,1.2246467991473532e-16,-1.0,2.383,2.666,2.482,2.358,2.4722500000000003,2.4766238124835307,0.3729999999999998,0.16878710771840533,4.526,4.577,4.588,5.003,4.6735,4.696293689629148,-0.024999999999999467,-0.10033979612232657
bovino,2024,3,238.2,10.376,2.749,3.146,5.54,54.57,123.69,4.454,2024-07-01,42,1.2246467991473532e-16,-1.0,-2.4492935982947064e-16,1.0,2.756,2.383,2.666,2.482,2.5717499999999998,2.5883742874901183,0.3900000000000001,0.2675261885576148,4.501,4.526,4.577,4.588,4.548,4.618176213777489,-0.0470000000000006,-0.02920662598081958
bovino,2024,4,238.2,9.561,2.497,3.374,5.83,64.4,128.58,4.813,2024-10-01,43,-1.0,-1.8369701987210297e-16,3.6739403974420594e-16,-1.0,3.146,2.756,2.383,2.666,2.73775,2.811424572494071,0.2280000000000002,0.26556639159789963,4.454,4.501,4.526,4.577,4.5145,4.552505728266493,0.359,0.051562158619182785
frango,2015,1,1330.0,1.382,3.164,1.354,2.87,22.95,60.01,1.627,2015-01-01,4,0.0,1.0,0.0,1.0,1.776,1.881,1.764,1.47,1.72275,1.7333760000000002,-0.42199999999999993,-0.07891156462585025,1.891,1.939,1.932,1.779,1.88525,1.884232,-0.264,-0.08544125913434508
frango,2015,2,1330.0,1.402,3.268,1.611,3.07,20.92,57.96,1.671,2015-04-01,5,1.0,6.123233995736766e-17,1.2246467991473532e-16,-1.0,1.354,1.776,1.881,1.764,1.69375,1.5816256000000002,0.2569999999999999,-0.08673469387755106,1.627,1.891,1.939,1.932,1.84725,1.7813392,0.04400000000000004,-0.1350931677018633
frango,2015,3,1330.0,1.503,3.376,1.77,3.59,23.8,69.05,1.627,2015-07-01,6,1.2246467991473532e-16,-1.0,-2.4492935982947064e-16,1.0,1.611,1.354,1.776,1.881,1.6555,1.59337536,0.15900000000000003,-0.05901116427432218,1.671,1.627,1.891,1.939,1.782,1.73720352,-0.04400000000000004,-0.16090768437338832
frango,2015,4,1330.0,1.506,3.33,1.493,3.83,27.76,70.2,1.487,2015-10-01,7,-1.0,-1.8369701987210297e-16,3.6739403974420594e-16,-1.0,1.77,1.611,1.354,1.776,1.62775,1.6640252160000002,-0.2769999999999999,-0.15934684684684675,1.627,1.671,1.627,1.891,1.7040000000000002,1.693122112,-0.1399999999999999,-0.21364357482813323
frango,2016,1,1350.0,1.403,3.29,1.287,3.82,36.46,65.52,1.365,2016-01-01,8,0.0,1.0,0.0,1.0,1.493,1.77,1.611,1.354,1.557,1.5956151296,-0.20600000000000018,-0.049483013293944,1.487,1.627,1.671,1.627,1.6030000000000002,1.6106732672000001,-0.12200000000000011,-0.16103257529194837
frango,2016,2,1350.0,1.494,3.407,1.668,3.46,44.43,80.69,1.492,2016-04-01,9,1.0,6.123233995736766e-17,1.2246467991473532e-16,-1.0,1.287,1.493,1.77,1.611,1.54025,1.47216907776,0.381,0.035381750465549366,1.365,1.487,1.627,1.671,1.5375,1.5124039603200001,0.127,-0.10712148414123279
frango,2016,3,1350.0,1.472,3.34,1.611,3.23,39.51,70.56,1.605,2016-07-01,10,1.2246467991473532e-16,-1.0,-2.4492935982947064e-16,1.0,1.668,1.287,1.493,1.77,1.5545,1.5505014466559999,-0.05699999999999994,-0.0898305084745763,1.492,1.365,1.487,1.627,1.49275,1.504242376192,0.11299999999999999,-0.013521819299323945
frango,2016,4,1350.0,1.413,3.207,1.379,3.32,33.69,69.94,1.54,2016-10-01,11,-1.0,-1.8369701987210297e-16,3.6739403974420594e-16,-1.0,1.611,1.668,1.287,1.493,1.5147499999999998,1.5747008679936,-0.23199999999999998,-0.07635632953784333,1.605,1.492,1.365,1.487,1.48725,1.5445454257152,-0.06499999999999995,0.03564223268325484
frango,2017,1,1425.0,1.486,3.381,1.595,3.14,26.22,61.42,1.647,2017-01-01,12,0.0,1.0,0.0,1.0,1.379,1.611,1.668,1.287,1.4862499999999998,1.49642052079616,0.21599999999999997,0.23931623931623935,1.54,1.605,1.492,1.365,1.5005,1.54272725542912,0.10699999999999998,0.20659340659340653
frango,2017,2,1425.0,1.426,3.362,1.574,3.21,21.37,58.3,1.647,2017-04-01,13,1.0,6.123233995736766e-17,1.2246467991473532e-16,-1.0,1.595,1.379,1.611,1.668,1.5632499999999998,1.535852312477696,-0.020999999999999908,-0.056354916067146155,1.647,1.54,1.605,1.492,1.5710000000000002,1.584436353257472,0.0,0.10388739946380698
frango,2017,3,1425.0,1.482,3.458,1.739,3.07,21.77,58.9,1.593,2017-07-01,14,1.2246467991473532e-16,-1.0,-2.4492935982947064e-16,1.0,1.574,1.595,1.379,1.611,1.5397500000000002,1.5511113874866176,0.16500000000000004,0.0794537554314092,1.647,1.647,1.54,1.605,1.60975,1.6094618119544832,-0.05400000000000005,-0.00747663551401867
frango,2017,4,1425.0,1.428,3.349,1.518,3.24,25.24,63.35,1.635,2017-10-01,15,-1.0,-1.8369701987210297e-16,3.6739403974420594e-16,-1.0,1.739,1.574,1.595,1.379,1.57175,1.6262668324919707,-0.22100000000000009,0.10079767947788243,1.593,1.647,1.647,1.54,1.60675,1.6028770871726898,0.04200000000000004,0.06168831168831157
frango,2018,1,1468.0,1.478,3.507,1.452,3.24,29.28,67.28,1.532,2018-01-01,16,0.0,1.0,0.0,1.0,1.518,1.739,1.574,1.595,1.6065,1.5829600994951825,-0.06600000000000006,-0.08965517241379306,1.635,1.593,1.647,1.647,1.6305,1.615726252303614,-0.10299999999999998,-0.06982392228293866
frango,2018,2,1468.0,1.376,3.379,1.177,3.6,33.39,72.06,1.526,2018-04-01,17,1.0,6.123233995736766e-17,1.2246467991473532e-16,-1.0,1.452,1.518,1.739,1.574,1.57075,1.5305760596971094,-0.2749999999999999,-0.25222363405336723,1.532,1.635,1.593,1.647,1.60175,1.5822357513821683,-0.006000000000000005,-0.07346690953248325
frango,2018,3,1468.0,1.426,3.378,1.747,3.95,34.71,79.52,1.53,2018-07-01,18,1.2246467991473532e-16,-1.0,-2.4492935982947064e-16,1.0,1.177,1.452,1.518,1.739,1.4714999999999998,1.3891456358182657,0.5700000000000001,0.004600345025876917,1.526,1.532,1.635,1.593,1.5715,1.559741450829301,0.0040000000000000036,-0.039548022598870025
frango,2018,4,1468.0,1.416,3.336,1.507,3.84,31.06,72.15,1.568,2018-10-01,19,-1.0,-1.8369701987210297e-16,3.6739403974420594e-16,-1.0,1.747,1.177,1.452,1.518,1.4735,1.5322873814909594,-0.2400000000000002,-0.007246376811594235,1.53,1.526,1.532,1.635,1.55575,1.5478448704975807,0.038000000000000034,-0.04097859327217124
frango,2019,1,1500.0,1.437,3.355,1.379,3.76,32.12,69.12,1.588,2019-01-01,20,0.0,1.0,0.0,1.0,1.507,1.747,1.177,1.452,1.47075,1.5221724288945757,-0.1279999999999999,-0.05027548209366384,1.568,1.53,1.526,1.532,1.539,1.5559069222985484,0.020000000000000018,0.036553524804177506
frango,2019,2,1500.0,1.424,3.343,1.708,3.92,30.42,70.14,1.641,2019-04-01,21,1.0,6.123233995736766e-17,1.2246467991473532e-16,-1.0,1.379,1.507,1.747,1.177,1.4525000000000001,1.4649034573367454,0.32899999999999996,0.45114698385726415,1.588,1.568,1.53,1.526,1.553,1.568744153379129,0.052999999999999936,0.07536041939711668
frango,2019,3,1500.0,1.471,3.451,1.7,3.96,30.87,75.77,1.651,2019-07-01,22,1.2246467991473532e-16,-1.0,-2.4492935982947064e-16,1.0,1.708,1.379,1.507,1.747,1.58525,1.5621420744020473,-0.008000000000000007,-0.026903262736119093,1.641,1.588,1.568,1.53,1.58175,1.5976464920274775,0.010000000000000009,0.07908496732026138
frango,2019,4,1500.0,1.47,3.399,1.598,4.11,37.34,78.68,1.595,2019-10-01,23,-1.0,-1.8369701987210297e-16,3.6739403974420594e-16,-1.0,1.7,1.708,1.379,1.507,1.5735,1.6172852446412285,-0.10199999999999987,0.060384870603848784,1.651,1.641,1.588,1.568,1.612,1.6189878952164865,-0.05600000000000005,0.0172193877551019
frango,2020,1,1500.0,1.514,3.476,1.493,4.46,44.54,81.87,1.571,2020-01-01,24,0.0,1.0,0.0,1.0,1.598,1.7,1.708,1.379,1.59625,1.6095711467847371,-0.10499999999999998,0.08266860043509805,1.595,1.651,1.641,1.588,1.6187500000000001,1.609392737129892,-0.02400000000000002,-0.010705289672544138
frango,2020,2,1500.0,1.41,3.224,1.366,5.38,41.33,95.82,1.36,2020-04-01,25,1.0,6.123233995736766e-17,1.2246467991473532e-16,-1.0,1.493,1.598,1.7,1.708,1.6247500000000001,1.5629426880708421,-0.127,-0.20023419203747062,1.571,1.595,1.651,1.641,1.6145,1.5940356422779351,-0.21099999999999985,-0.17123705057891525
frango,2020,3,1500.0,1.513,3.477,1.315,5.37,51.58,128.3,1.334,2020-07-01,26,1.2246467991473532e-16,-1.0,-2.4492935982947064e-16,1.0,1.366,1.493,1.598,1.7,1.53925,1.4841656128425054,-0.051000000000000156,-0.2264705882352941,1.36,1.571,1.595,1.651,1.5442500000000001,1.500421385366761,-0.026000000000000023,-0.19200484554815256
frango,2020,4,1500.0,1.552,3.567,1.309,3.39,69.2,140.93,1.362,2020-10-01,27,-1.0,-1.8369701987210297e-16,3.6739403974420594e-16,-1.0,1.315,1.366,1.493,1.598,1.443,1.4164993677055033,-0.006000000000000005,-0.18085106382978733,1.334,1.36,1.571,1.595,1.4649999999999999,1.4338528312200567,0.028000000000000025,-0.14608150470219428
frango,2021,1,1500.0,1.572,3.674,1.399,5.48,76.67,158.79,1.473,2021-01-01,28,0.0,1.0,0.0,1.0,1.309,1.315,1.366,1.493,1.3707500000000001,1.3734996206233019,0.09000000000000008,-0.06296048225050244,1.362,1.334,1.36,1.571,1.40675,1.405111698732034,0.11099999999999999,-0.06238064926798215
frango,2021,2,1500.0,1.524,3.602,1.713,5.29,82.35,152.11,1.556,2021-04-01,29,1.0,6.123233995736766e-17,1.2246467991473532e-16,-1.0,1.399,1.309,1.315,1.366,1.34725,1.3836997723739812,0.31400000000000006,0.2540263543191801,1.473,1.362,1.334,1.36,1.38225,1.4322670192392204,0.08299999999999996,0.14411764705882346
frango,2021,3,1500.0,1.535,3.644,1.927,5.22,85.34,159.3,1.724,2021-07-01,30,1.2246467991473532e-16,-1.0,-2.4492935982947064e-16,1.0,1.713,1.399,1.309,1.315,1.434,1.5154198634243887,0.21399999999999997,0.4653992395437263,1.556,1.473,1.362,1.334,1.43125,1.4817602115435324,0.16799999999999993,0.2923538230884557
frango,2021,4,1500.0,1.543,3.691,1.811,5.58,79.5,158.54,1.747,2021-10-01,31,-1.0,-1.8369701987210297e-16,3.6739403974420594e-16,-1.0,1.927,1.713,1.399,1.309,1.587,1.6800519180546334,-0.1160000000000001,0.3834988540870894,1.724,1.556,1.473,1.362,1.52875,1.5786561269261195,0.02300000000000013,0.28267254038179157
frango,2022,1,1600.0,1.546,3.764,1.8,5.22,89.65,191.99,1.746,2022-01-01,32,0.0,1.0,0.0,1.0,1.811,1.927,1.713,1.399,1.7125,1.73243115083278,-0.010999999999999899,0.28663330950679056,1.747,1.724,1.556,1.473,1.625,1.6459936761556717,-0.001000000000000112,0.185336048879837
frango,2022,2,1600.0,1.503,3.646,2.411,4.92,79.74,177.16,2.058,2022-04-01,33,1.0,6.123233995736766e-17,1.2246467991473532e-16,-1.0,1.8,1.811,1.927,1.713,1.8127499999999999,1.759458690499668,0.611,0.4074722708698191,1.746,1.747,1.724,1.556,1.69325,1.685996205693403,0.31199999999999983,0.3226221079691516
frango,2022,3,1600.0,1.504,3.647,2.363,5.24,78.13,169.26,2.106,2022-07-01,34,1.2246467991473532e-16,-1.0,-2.4492935982947064e-16,1.0,2.411,1.8,1.811,1.927,1.98725,2.020075214299801,-0.04800000000000004,0.2262584327970938,2.058,1.746,1.747,1.724,1.81875,1.8347977234160417,0.04800000000000004,0.22157772621809735
frango,2022,4,1600.0,1.551,3.745,2.126,5.25,77.31,167.87,2.032,2022-10-01,35,-1.0,-1.8369701987210297e-16,3.6739403974420594e-16,-1.0,2.363,2.411,1.8,1.811,2.09625,2.1572451285798806,-0.2370000000000001,0.17393705135284376,2.106,2.058,1.746,1.747,1.91425,1.943278634049625,-0.07399999999999984,0.16313680595306224
frango,2023,1,1600.0,1.608,3.448,2.303,5.19,74.78,151.79,1.902,2023-01-01,36,0.0,1.0,0.0,1.0,2.126,2.363,2.411,1.8,2.175,2.1447470771479287,0.17700000000000005,0.2794444444444444,2.032,2.106,2.058,1.746,1.9855,1.978767180429775,-0.13000000000000012,0.08934707903780059
frango,2023,2,1600.0,1.556,3.354,2.333,4.94,48.95,119.32,1.926,2023-04-01,37,1.0,6.123233995736766e-17,1.2246467991473532e-16,-1.0,2.303,2.126,2.363,2.411,2.30075,2.208048246288757,0.03000000000000025,-0.03235172127747821,1.902,2.032,2.106,2.058,2.0244999999999997,1.948060308257865,0.02400000000000002,-0.06413994169096204
frango,2023,3,1600.0,1.58,3.314,2.159,4.88,47.73,130.97,1.857,2023-07-01,38,1.2246467991473532e-16,-1.0,-2.4492935982947064e-16,1.0,2.333,2.303,2.126,2.363,2.28125,2.2580289477732545,-0.17400000000000038,-0.08633093525179869,1.926,1.902,2.032,2.106,1.9914999999999998,1.9392361849547188,-0.06899999999999995,-0.11823361823361822
frango,2023,4,1600.0,1.53,3.19,1.998,4.95,56.46,130.41,1.738,2023-10-01,39,-1.0,-1.8369701987210297e-16,3.6739403974420594e-16,-1.0,2.159,2.333,2.303,2.126,2.23025,2.2184173686639523,-0.1609999999999998,-0.06020696142991533,1.857,1.926,1.902,2.032,1.92925,1.9063417109728311,-0.119,-0.1446850393700787
frango,2024,1,1600.0,1.593,3.368,1.915,4.95,52.25,106.56,1.706,2024-01-01,40,0.0,1.0,0.0,1.0,1.998,2.159,2.333,2.303,2.19825,2.1302504211983715,-0.08299999999999996,-0.16847590099869736,1.738,1.857,1.926,1.902,1.85575,1.8390050265836986,-0.03200000000000003,-0.10304942166140907
frango,2024,2,1600.0,1.609,3.431,2.253,5.21,52.54,121.39,1.775,2024-04-01,41,1.0,6.123233995736766e-17,1.2246467991473532e-16,-1.0,1.915,1.998,2.159,2.333,2.10125,2.0441502527190227,0.3380000000000001,-0.03429061294470637,1.706,1.738,1.857,1.926,1.8067499999999999,1.785803015950219,0.06899999999999995,-0.07840083073727933
frango,2024,3,1600.0,1.634,3.472,2.393,5.54,54.57,123.69,1.948,2024-07-01,42,1.2246467991473532e-16,-1.0,-2.4492935982947064e-16,1.0,2.253,1.915,1.998,2.159,2.08125,2.1276901516314135,0.13999999999999968,0.10838351088466891,1.775,1.706,1.738,1.857,1.7690000000000001,1.7814818095701312,0.17300000000000004,0.049003769520732376
frango,2024,4,1600.0,1.615,3.36,2.366,5.83,64.4,128.58,1.87,2024-10-01,43,-1.0,-1.8369701987210297e-16,3.6739403974420594e-16,-1.0,2.393,2.253,1.915,1.998,2.1397500000000003,2.233814090978848,-0.02699999999999969,0.18418418418418425,1.948,1.775,1.706,1.738,1.79175,1.8480890857420786,-0.07799999999999985,0.07594936708860756
suino,2015,1,40.33,9.17,0.794,0.197,2.87,22.95,60.01,2.589,2015-01-01,4,0.0,1.0,0.0,1.0,0.41,0.399,0.375,0.26,0.361,0.36992,-0.21299999999999997,-0.24230769230769234,3.674,3.774,3.471,2.811,3.4325,3.48236,-1.085,-0.07897545357524016
suino,2015,2,40.33,9.7,0.86,0.3,3.07,20.92,57.96,2.565,2015-04-01,5,1.0,6.123233995736766e-17,1.2246467991473532e-16,-1.0,0.197,0.41,0.399,0.375,0.34525,0.300752,0.10299999999999998,-0.20000000000000007,2.589,3.674,3.774,3.471,3.377,3.125016,-0.02400000000000002,-0.2610198789974071
suino,2015,3,40.33,10.184,0.897,0.367,3.59,23.8,69.05,2.587,2015-07-01,6,1.2246467991473532e-16,-1.0,-2.4492935982947064e-16,1.0,0.3,0.197,0.41,0.399,0.3265,0.30045120000000003,0.067,-0.08020050125313294,2.565,2.589,3.674,3.774,3.1505,2.9010096,0.02200000000000024,-0.3145204027556968
suino,2015,4,40.33,10.216,0.877,0.301,3.83,27.76,70.2,2.205,2015-10-01,7,-1.0,-1.8369701987210297e-16,3.6739403974420594e-16,-1.0,0.367,0.3,0.197,0.41,0.3185,0.32707072000000004,-0.066,-0.2658536585365854,2.587,2.565,2.589,3.674,2.85375,2.77540576,-0.3820000000000001,-0.3998366902558519
suino,2016,1,39.95,10.061,0.878,0.247,3.82,36.46,65.52,1.769,2016-01-01,8,0.0,1.0,0.0,1.0,0.301,0.367,0.3,0.197,0.29125,0.31664243200000003,-0.05399999999999999,0.25380710659898464,2.205,2.587,2.565,2.589,2.4865,2.5472434560000004,-0.43600000000000017,-0.31672460409424485
suino,2016,2,39.95,10.46,0.919,0.326,3.46,44.43,80.69,2.021,2016-04-01,9,1.0,6.123233995736766e-17,1.2246467991473532e-16,-1.0,0.247,0.301,0.367,0.3,0.30374999999999996,0.2887854592,0.07900000000000001,0.08666666666666667,1.769,2.205,2.587,2.565,2.2815,2.2359460736,0.252,-0.21208576998050688
suino,2016,3,39.95,10.721,0.949,0.392,3.23,39.51,70.56,2.269,2016-07-01,10,1.2246467991473532e-16,-1.0,-2.4492935982947064e-16,1.0,0.326,0.247,0.301,0.367,0.31024999999999997,0.30367127552,0.066,0.0681198910081744,2.021,1.769,2.205,2.587,2.1455,2.14996764416,0.24800000000000022,-0.12292230382682645
suino,2016,4,39.95,10.808,0.938,0.383,3.32,33.69,69.94,2.48,2016-10-01,11,-1.0,-1.8369701987210297e-16,3.6739403974420594e-16,-1.0,0.392,0.326,0.247,0.301,0.3165,0.339002765312,-0.009000000000000008,0.2724252491694352,2.269,2.021,1.769,2.205,2.066,2.197580586496,0.21099999999999985,0.12471655328798192
suino,2017,1,41.1,10.479,0.9,0.365,3.14,26.22,61.42,2.381,2017-01-01,12,0.0,1.0,0.0,1.0,0.383,0.392,0.326,0.247,0.337,0.3566016591872,-0.018000000000000016,0.4777327935222673,2.48,2.269,2.021,1.769,2.13475,2.3105483518975998,-0.0990000000000002,0.3459581684567552
suino,2017,2,41.1,10.615,0.95,0.374,3.21,21.37,58.3,2.671,2017-04-01,13,1.0,6.123233995736766e-17,1.2246467991473532e-16,-1.0,0.365,0.383,0.392,0.326,0.3665,0.35996099551231997,0.009000000000000008,0.14723926380368102,2.381,2.48,2.269,2.021,2.28775,2.3387290111385597,0.29000000000000004,0.32162295893122206
suino,2017,3,41.1,11.035,0.987,0.392,3.07,21.77,58.9,2.449,2017-07-01,14,1.2246467991473532e-16,-1.0,-2.4492935982947064e-16,1.0,0.374,0.365,0.383,0.392,0.3785,0.365576597307392,0.018000000000000016,0.0,2.671,2.381,2.48,2.269,2.45025,2.4716374066831355,-0.22199999999999998,0.07933010136624041
suino,2017,4,41.1,11.053,0.974,0.332,3.24,25.24,63.35,2.396,2017-10-01,15,-1.0,-1.8369701987210297e-16,3.6739403974420594e-16,-1.0,0.392,0.374,0.365,0.383,0.3785,0.3761459583844352,-0.06,-0.13315926892950392,2.449,2.671,2.381,2.48,2.49525,2.4625824440098816,-0.052999999999999936,-0.03387096774193554
suino,2018,1,41.4,10.716,0.957,0.281,3.24,29.28,67.28,2.132,2018-01-01,16,0.0,1.0,0.0,1.0,0.332,0.392,0.374,0.365,0.36575,0.3584875750306611,-0.05099999999999999,-0.2301369863013698,2.396,2.449,2.671,2.381,2.4742499999999996,2.435949466405929,-0.2639999999999998,-0.10457790844183101
suino,2018,2,41.4,10.82,0.978,0.214,3.6,33.39,72.06,2.029,2018-04-01,17,1.0,6.123233995736766e-17,1.2246467991473532e-16,-1.0,0.281,0.332,0.392,0.374,0.34475,0.32749254501839664,-0.06700000000000003,-0.4278074866310161,2.132,2.396,2.449,2.671,2.412,2.3143696798435576,-0.1030000000000002,-0.24035941594908272
suino,2018,3,41.4,11.558,1.037,0.288,3.95,34.71,79.52,1.808,2018-07-01,18,1.2246467991473532e-16,-1.0,-2.4492935982947064e-16,1.0,0.214,0.281,0.332,0.392,0.30475,0.282095527011038,0.07399999999999998,-0.26530612244897966,2.029,2.132,2.396,2.449,2.2515,2.2002218079061344,-0.22099999999999986,-0.2617394855042874
suino,2018,4,41.4,11.096,0.97,0.286,3.84,31.06,72.15,1.873,2018-10-01,19,-1.0,-1.8369701987210297e-16,3.6739403974420594e-16,-1.0,0.288,0.214,0.281,0.332,0.27875,0.2844573162066228,-0.0020000000000000018,-0.13855421686747005,1.808,2.029,2.132,2.396,2.09125,2.0433330847436806,0.06499999999999995,-0.21828046744574292
suino,2019,1,40.6,11.294,0.99,0.271,3.76,32.12,69.12,2.009,2019-01-01,20,0.0,1.0,0.0,1.0,0.286,0.288,0.214,0.281,0.26725,0.2850743897239737,-0.014999999999999958,-0.03558718861209964,1.873,1.808,2.029,2.132,1.9605,1.9751998508462083,0.1359999999999999,-0.05769230769230782
suino,2019,2,40.6,11.394,1.017,0.375,3.92,30.42,70.14,2.238,2019-04-01,21,1.0,6.123233995736766e-17,1.2246467991473532e-16,-1.0,0.271,0.286,0.288,0.214,0.26475,0.2794446338343842,0.10399999999999998,0.752336448598131,2.009,1.873,1.808,2.029,1.9297499999999999,1.988719910507725,0.2290000000000001,0.10300640709709219
suino,2019,3,40.6,11.75,1.057,0.379,3.96,30.87,75.77,2.281,2019-07-01,22,1.2246467991473532e-16,-1.0,-2.4492935982947064e-16,1.0,0.375,0.271,0.286,0.288,0.305,0.31766678030063056,0.0040000000000000036,0.3159722222222223,2.238,2.009,1.873,1.808,1.982,2.0884319463046346,0.04300000000000015,0.2616150442477876
suino,2019,4,40.6,11.886,1.058,0.457,4.11,37.34,78.68,2.459,2019-10-01,23,-1.0,-1.8369701987210297e-16,3.6739403974420594e-16,-1.0,0.379,0.375,0.271,0.286,0.32775,0.34220006818037835,0.07800000000000001,0.5979020979020981,2.281,2.238,2.009,1.873,2.10025,2.165459167782781,0.17799999999999994,0.3128670581954085
suino,2020,1,41.1,11.882,1.066,0.451,4.46,44.54,81.87,2.499,2020-01-01,24,0.0,1.0,0.0,1.0,0.457,0.379,0.375,0.271,0.3705,0.38812004090822705,-0.006000000000000005,0.6642066420664205,2.459,2.281,2.238,2.009,2.24675,2.282875500669668,0.040000000000000036,0.24390243902439046
suino,2020,2,41.1,12.104,1.103,0.556,5.38,41.33,95.82,2.314,2020-04-01,25,1.0,6.123233995736766e-17,1.2246467991473532e-16,-1.0,0.451,0.457,0.379,0.375,0.41550000000000004,0.4132720245449362,0.10500000000000004,0.4826666666666668,2.499,2.459,2.281,2.238,2.36925,2.369325300401801,-0.18500000000000005,0.03395889186773915
suino,2020,3,41.1,12.728,1.172,0.563,5.37,51.58,128.3,2.219,2020-07-01,26,1.2246467991473532e-16,-1.0,-2.4492935982947064e-16,1.0,0.556,0.451,0.457,0.379,0.46075000000000005,0.47036321472696174,0.006999999999999895,0.48548812664907626,2.314,2.499,2.459,2.281,2.38825,2.347195180241081,-0.0950000000000002,-0.027181060938185175
suino,2020,4,41.1,12.5,1.12,0.548,3.39,69.2,140.93,2.428,2020-10-01,27,-1.0,-1.8369701987210297e-16,3.6739403974420594e-16,-1.0,0.563,0.556,0.451,0.457,0.50675,0.507417928836177,-0.014999999999999902,0.19912472647702417,2.219,2.314,2.499,2.459,2.37275,2.295917108144648,0.20900000000000007,-0.0126067507116715
suino,2021,1,42.5,12.688,1.16,0.554,5.48,76.67,158.79,2.475,2021-01-01,28,0.0,1.0,0.0,1.0,0.548,0.563,0.556,0.451,0.5295000000000001,0.5236507573017062,0.006000000000000005,0.22838137472283826,2.428,2.219,2.314,2.499,2.365,2.348750264886789,0.04700000000000015,-0.009603841536614643
suino,2021,2,42.5,13.04,1.218,0.71,5.29,82.35,152.11,2.57,2021-04-01,29,1.0,6.123233995736766e-17,1.2246467991473532e-16,-1.0,0.554,0.548,0.563,0.556,0.55525,0.5357904543810237,0.15599999999999992,0.2769784172661869,2.475,2.428,2.219,2.314,2.359,2.399250158932073,0.09499999999999975,0.11063094209161606
suino,2021,3,42.5,13.74,1.276,0.669,5.22,85.34,159.3,2.425,2021-07-01,30,1.2246467991473532e-16,-1.0,-2.4492935982947064e-16,1.0,0.71,0.554,0.548,0.563,0.59375,0.6054742726286142,-0.040999999999999925,0.18827708703374801,2.57,2.475,2.428,2.219,2.423,2.467550095359244,-0.14500000000000002,0.09283461018476791
suino,2021,4,42.5,13.375,1.222,0.54,5.58,79.5,158.54,2.263,2021-10-01,31,-1.0,-1.8369701987210297e-16,3.6739403974420594e-16,-1.0,0.669,0.71,0.554,0.548,0.62025,0.6308845635771685,-0.129,-0.014598540145985384,2.425,2.57,2.475,2.428,2.4745,2.4505300572155466,-0.16199999999999992,-0.06795716639209226
suino,2022,1,44.4,13.654,1.246,0.462,5.22,89.65,191.99,2.169,2022-01-01,32,0.0,1.0,0.0,1.0,0.54,0.669,0.71,0.554,0.61825,0.5945307381463011,-0.07800000000000001,-0.1660649819494585,2.263,2.425,2.57,2.475,2.43325,2.375518034329328,-0.09399999999999986,-0.12363636363636366
suino,2022,2,44.4,14.069,1.307,0.574,4.92,79.74,177.16,2.347,2022-04-01,33,1.0,6.123233995736766e-17,1.2246467991473532e-16,-1.0,0.462,0.54,0.669,0.71,0.5952500000000001,0.5415184428877806,0.11199999999999993,-0.19154929577464797,2.169,2.263,2.425,2.57,2.35675,2.2929108205975965,0.17799999999999994,-0.08677042801556412
suino,2022,3,44.4,14.474,1.334,0.693,5.24,78.13,169.26,2.405,2022-07-01,34,1.2246467991473532e-16,-1.0,-2.4492935982947064e-16,1.0,0.574,0.462,0.54,0.669,0.56125,0.5545110657326684,0.119,0.03587443946188329,2.347,2.169,2.263,2.425,2.301,2.314546492358558,0.05799999999999983,-0.008247422680412342
suino,2022,4,44.4,13.893,1.274,0.676,5.25,77.31,167.87,2.528,2022-10-01,35,-1.0,-1.8369701987210297e-16,3.6739403974420594e-16,-1.0,0.693,0.574,0.462,0.54,0.56725,0.6099066394396011,-0.016999999999999904,0.25185185185185177,2.405,2.347,2.169,2.263,2.296,2.350727895415135,0.12300000000000022,0.1171011931064958
suino,2023,1,43.0,14.165,1.291,0.601,5.19,74.78,151.79,2.455,2023-01-01,36,0.0,1.0,0.0,1.0,0.676,0.693,0.574,0.462,0.6012500000000001,0.6363439836637607,-0.07500000000000007,0.3008658008658007,2.528,2.405,2.347,2.169,2.36225,2.421636737249081,-0.07299999999999995,0.13185799907791607
suino,2023,2,43.0,14.076,1.321,0.719,4.94,48.95,119.32,2.558,2023-04-01,37,1.0,6.123233995736766e-17,1.2246467991473532e-16,-1.0,0.601,0.676,0.693,0.574,0.636,0.6222063901982564,0.118,0.2526132404181185,2.455,2.528,2.405,2.347,2.43375,2.4349820423494486,0.10299999999999976,0.08990200255645497
suino,2023,3,43.0,14.639,1.375,0.699,4.88,47.73,130.97,2.391,2023-07-01,38,1.2246467991473532e-16,-1.0,-2.4492935982947064e-16,1.0,0.719,0.601,0.676,0.693,0.67225,0.6609238341189538,-0.020000000000000018,0.008658008658008587,2.558,2.455,2.528,2.405,2.4865,2.484189225409669,-0.16699999999999982,-0.0058212058212057105
suino,2023,4,43.0,14.148,1.299,0.611,4.95,56.46,130.41,2.265,2023-10-01,39,-1.0,-1.8369701987210297e-16,3.6739403974420594e-16,-1.0,0.699,0.719,0.601,0.676,0.67375,0.6761543004713724,-0.08799999999999997,-0.09615384615384626,2.391,2.558,2.455,2.528,2.483,2.4469135352458014,-0.1259999999999999,-0.10403481012658222
suino,2024,1,43.9,14.019,1.286,0.552,4.95,52.25,106.56,2.238,2024-01-01,40,0.0,1.0,0.0,1.0,0.611,0.699,0.719,0.601,0.6575,0.6500925802828235,-0.05899999999999994,-0.08153078202995001,2.265,2.391,2.558,2.455,2.41725,2.374148121147481,-0.027000000000000135,-0.08839103869653775
suino,2024,2,43.9,14.567,1.344,0.654,5.21,52.54,121.39,2.318,2024-04-01,41,1.0,6.123233995736766e-17,1.2246467991473532e-16,-1.0,0.552,0.611,0.699,0.719,0.6452500000000001,0.6108555481696941,0.10199999999999998,-0.09040333796940192,2.238,2.265,2.391,2.558,2.363,2.319688872688489,0.08000000000000007,-0.0938232994526973
suino,2024,3,43.9,14.956,1.398,0.817,5.54,54.57,123.69,2.454,2024-07-01,42,1.2246467991473532e-16,-1.0,-2.4492935982947064e-16,1.0,0.654,0.552,0.611,0.699,0.629,0.6281133289018165,0.16299999999999992,0.1688125894134478,2.318,2.238,2.265,2.391,2.303,2.319013323613093,0.13600000000000012,0.02634880803011308
suino,2024,4,43.9,14.275,1.311,0.806,5.83,64.4,128.58,2.533,2024-10-01,43,-1.0,-1.8369701987210297e-16,3.6739403974420594e-16,-1.0,0.817,0.654,0.552,0.611,0.6585,0.7036679973410899,-0.010999999999999899,0.3191489361702129,2.454,2.318,2.238,2.265,2.31875,2.373007994167856,0.07899999999999974,0.1183222958057395
